seed,update,actor_pg_loss,grad_norm_unclipped,reward_mean,reward_std,kl_divergence,response_length_mean_tokens,mixed_group_fraction,wall_time_seconds,all_pass_frac,all_fail_frac,advantage_mean,advantage_abs_mean,advantage_min,advantage_max,advantage_zero_frac,advantage_non_sign_frac,learning_rate
42,1,-0.3250717306509614,0.19282110035419464,0.6875,0.4635123908519745,0.008865280511963647,1089.375,1.0,197.3056324501522,0.0,0.0,0.375,1.0,-1.0,1.0,0.0,0.0,0.0
42,2,-0.38096189545467496,0.16548919677734375,0.6875,0.4635123908519745,0.00846001913255193,1250.125,0.75,186.7498824307695,0.25,0.0,0.375,1.0,-1.0,1.0,0.0,0.0,4.000000000000001e-06
42,3,0.07959969667717814,0.15789255499839783,0.5,0.5,0.007565916079831117,1361.5,0.75,226.94659468298778,0.25,0.0,0.0,1.0,-1.0,1.0,0.0,0.0,8.000000000000001e-06
42,4,-0.41343435598537326,0.18352721631526947,0.75,0.4330126941204071,0.008531207711622883,1237.5,0.75,227.22907975502312,0.25,0.0,0.5,1.0,-1.0,1.0,0.0,0.0,1.2e-05
42,5,-0.640303376596421,0.16853272914886475,0.875,0.33071890473365784,0.00794388668700343,1442.1875,0.5,221.14284773124382,0.5,0.0,0.75,1.0,-1.0,1.0,0.0,0.0,1.6000000000000003e-05
42,6,0.5945514745544642,0.14958834648132324,0.25,0.4330126941204071,0.008886265596461104,1839.9375,0.5,508.3839102908969,0.0,0.5,-0.5,1.0,-1.0,1.0,0.0,0.0,2e-05
42,7,-0.07459479628596455,0.16588158905506134,0.625,0.4841229319572449,0.008277571815597184,1338.0625,0.75,239.88563453266397,0.25,0.0,0.25,1.0,-1.0,1.0,0.0,0.0,1.9781476007338058e-05
42,8,-0.8032310986891389,0.1766425371170044,0.875,0.33071890473365784,0.00890779679286338,1334.6875,0.25,188.35389815084636,0.75,0.0,0.75,1.0,-1.0,1.0,0.0,0.0,1.913545457642601e-05
42,9,-0.46978007815778255,0.17094068229198456,0.6875,0.4635123908519745,0.00865220072842394,1423.9375,1.0,243.3563133920543,0.0,0.0,0.375,1.0,-1.0,1.0,0.0,0.0,1.8090169943749477e-05
42,10,-0.615107910707593,0.18108755350112915,0.875,0.33071890473365784,0.0072414988763809494,1251.0,0.25,200.52334219682962,0.75,0.0,0.75,1.0,-1.0,1.0,0.0,0.0,1.6691306063588583e-05
42,11,-0.48752721957862377,0.16999220848083496,0.8125,0.3903123736381531,0.008836156892834506,1262.75,0.5,198.1532018557191,0.5,0.0,0.625,1.0,-1.0,1.0,0.0,0.0,1.5000000000000002e-05
42,12,-0.8550486275926232,0.18333473801612854,0.9375,0.24206146597862244,0.008764394057484774,1445.3125,0.25,220.18353845505044,0.75,0.0,0.875,1.0,-1.0,1.0,0.0,0.0,1.3090169943749475e-05
42,13,-0.24265629472211003,0.16117818653583527,0.6875,0.4635123908519745,0.008518636661271254,1444.6875,0.75,244.78728049714118,0.25,0.0,0.375,1.0,-1.0,1.0,0.0,0.0,1.1045284632676535e-05
42,14,-0.4624674115329981,0.15174084901809692,0.8125,0.3903123736381531,0.008283791935817313,1557.8125,0.5,293.2658077497035,0.5,0.0,0.625,1.0,-1.0,1.0,0.0,0.0,8.954715367323468e-06
42,15,-0.769170371349901,0.19596904516220093,0.875,0.33071890473365784,0.007473060975826229,1194.0625,0.5,190.5993042802438,0.5,0.0,0.75,1.0,-1.0,1.0,0.0,0.0,6.909830056250527e-06
42,16,0.19674745108932257,0.17651928961277008,0.4375,0.49607837200164795,0.008389408758375794,1176.0,0.75,241.72072833310813,0.0,0.25,-0.125,1.0,-1.0,1.0,0.0,0.0,5.000000000000003e-06
42,17,-0.37403515819460154,0.17409862577915192,0.625,0.4841229319572449,0.009009112706081126,1255.0625,0.5,177.06059784814715,0.5,0.0,0.25,1.0,-1.0,1.0,0.0,0.0,3.308693936411421e-06
42,18,-0.2547301631420851,0.16764047741889954,0.6875,0.4635123908519745,0.007702597341830692,1341.125,1.0,243.1981977969408,0.0,0.0,0.375,1.0,-1.0,1.0,0.0,0.0,1.9098300562505266e-06
42,19,-0.6694279117509723,0.17425218224525452,0.875,0.33071890473365784,0.007847359118935105,1290.1875,0.5,187.06494284700602,0.5,0.0,0.75,1.0,-1.0,1.0,0.0,0.0,8.645454235739903e-07
42,20,-0.4339386480860412,0.1896347999572754,0.75,0.4330126941204071,0.008583518803789048,1197.75,0.75,193.69758063461632,0.25,0.0,0.5,1.0,-1.0,1.0,0.0,0.0,2.1852399266194312e-07
